{
  "NTProvider": {
    "types": {
      "/FMSInfo": "FMSInfo",
      "/SmartDashboard/Field": "Field2d",
      "/SmartDashboard/SendableChooser[0]": "String Chooser"
    },
    "windows": {
      "/SmartDashboard/Field": {
        "Robot": {
          "length": 0.1599999964237213,
          "width": 0.14000000059604645
        },
        "bottom": 1476,
        "height": 8.210550308227539,
        "left": 150,
        "right": 2961,
        "top": 79,
        "width": 16.541748046875,
        "window": {
          "name": "CrescendoSMALL",
          "visible": true
        }
      }
    }
  },
  "NetworkTables": {
    "transitory": {
      "SmartDashboard": {
        "open": true
      }
    }
  },
  "NetworkTables Info": {
    "visible": true
  },
  "Plot": {
    "Plot <0>": {
      "plots": [
        {
          "axis": [
            {
              "max": 2.5,
              "min": -2.5
            }
          ],
          "backgroundColor": [
            0.0,
            0.0,
            0.0,
            0.8500000238418579
          ],
          "height": 332,
          "series": [
            {
              "color": [
                0.2980392277240753,
                0.44705885648727417,
                0.6901960968971252,
                1.0
              ],
              "id": "NT:/SmartDashboard/Wheel Speeds Left"
            },
            {
              "color": [
                0.8666667342185974,
                0.5176470875740051,
                0.32156863808631897,
                1.0
              ],
              "id": "NT:/SmartDashboard/Left Velo"
            }
          ]
        }
      ]
    },
    "Plot <1>": {
      "plots": [
        {
          "axis": [
            {
              "max": 2.5,
              "min": -2.5
            }
          ],
          "backgroundColor": [
            0.0,
            0.0,
            0.0,
            0.8500000238418579
          ],
          "height": 332,
          "series": [
            {
              "color": [
                0.2980392277240753,
                0.44705885648727417,
                0.6901960968971252,
                1.0
              ],
              "id": "NT:/SmartDashboard/Wheel Speeds Right"
            },
            {
              "color": [
                0.8666667342185974,
                0.5176470875740051,
                0.32156863808631897,
                1.0
              ],
              "id": "NT:/SmartDashboard/Right Velo"
            }
          ]
        }
      ]
    },
    "Plot <2>": {
      "plots": [
        {
          "axis": [
            {
              "max": 2.5,
              "min": -2.5
            }
          ],
          "backgroundColor": [
            0.0,
            0.0,
            0.0,
            0.8500000238418579
          ],
          "height": 332,
          "series": [
            {
              "color": [
                0.2980392277240753,
                0.44705885648727417,
                0.6901960968971252,
                1.0
              ],
              "id": "NT:/SmartDashboard/Left Velo"
            },
            {
              "color": [
                0.8666667342185974,
                0.5176470875740051,
                0.32156863808631897,
                1.0
              ],
              "id": "NT:/SmartDashboard/Right Velo"
            }
          ]
        }
      ]
    }
  }
}
